46;;Schweden;
46;11;Schweden;Norrk\u00F6ping
46;120;Schweden;\u00C5tvidaberg
46;121;Schweden;S\u00F6derk\u00F6ping
46;122;Schweden;Finsp\u00E5ng
46;123;Schweden;Valdemarsvik
46;125;Schweden;Vikbolandet
46;13;Schweden;Link\u00F6ping
46;140;Schweden;Tran\u00E5s
46;141;Schweden;Motala
46;142;Schweden;Mj\u00F6lby-Sk\u00E4nninge-Boxholm
46;143;Schweden;Vadstena
46;144;Schweden;\u00D6desh\u00F6g
46;150;Schweden;Katrineholm
46;151;Schweden;Ving\u00E5ker
46;152;Schweden;Str\u00E4ngn\u00E4s
46;155;Schweden;Nyk\u00F6ping-Oxel\u00F6sund
46;156;Schweden;Trosa-Vagnh\u00E4rad
46;157;Schweden;Flen-Malmk\u00F6ping
46;158;Schweden;Gnesta
46;159;Schweden;Mariefred
46;16;Schweden;Eskilstuna-Torsh\u00E4lla
46;171;Schweden;Enk\u00F6ping
46;173;Schweden;\u00D6regrund-\u00F6sthammar
46;174;Schweden;Alunda
46;175;Schweden;Hallstavik-Rimbo
46;176;Schweden;Norrt\u00E4lje
46;18;Schweden;Uppsala
46;19;Schweden;\u00D6rebro-Kumla
46;21;Schweden;V\u00E4ster\u00E5s
46;220;Schweden;Hallstahammar-Surahammar
46;221;Schweden;K\u00F6ping
46;222;Schweden;Skinnskatteberg
46;223;Schweden;Fagersta-Norberg
46;224;Schweden;Sala-Heby
46;225;Schweden;Hedemora-S\u00E4ter
46;226;Schweden;Avesta-Krylbo
46;227;Schweden;Kungs\u00F6r
46;23;Schweden;Falun
46;240;Schweden;Ludvika-Smedjebacken
46;241;Schweden;Gagnef-Floda
46;243;Schweden;Borl\u00E4nge
46;246;Schweden;Sv\u00E4rdsj\u00F6-Enviken
46;247;Schweden;Leksand-Insj\u00F6n
46;248;Schweden;R\u00E4ttvik
46;250;Schweden;Mora-Orsa
46;251;Schweden;\u00E4lvdalen
46;253;Schweden;Idre-S\u00E4rna
46;258;Schweden;Furudal
46;26;Schweden;G\u00E4vle-Sandviken
46;270;Schweden;S\u00F6derhamn
46;271;Schweden;Alfta-Edsbyn
46;278;Schweden;Bolln\u00E4s
46;280;Schweden;Malung
46;281;Schweden;Vansbro
46;290;Schweden;Hofors-Storvik
46;291;Schweden;Hedesunda-\u00F6sterf\u00E4rnebo
46;292;Schweden;T\u00E4rnsj\u00F6-\u00F6sterv\u00E5la
46;293;Schweden;Tierp-S\u00F6derfors
46;294;Schweden;Karlsholmsbruk-Sk\u00E4rplinge
46;295;Schweden;\u00D6rbyhus-Dannemora
46;297;Schweden;Ockelbo-Hamr\u00E5nge
46;300;Schweden;Kungsbacka
46;301;Schweden;Hind\u00E5s
46;302;Schweden;Lerum
46;303;Schweden;Kung\u00E4lv
46;304;Schweden;Orust-Tj\u00F6rn
46;31;Schweden;G\u00F6teborg
46;320;Schweden;Kinna
46;321;Schweden;Ulricehamn
46;322;Schweden;Alings\u00E5s-V\u00E5rg\u00E5rda
46;325;Schweden;Svenljunga-Tranemo
46;33;Schweden;Bor\u00E5s
46;340;Schweden;Varberg
46;345;Schweden;Hyltebruk-Torup
46;346;Schweden;Falkenberg
46;35;Schweden;Halmstad
46;36;Schweden;J\u00F6nk\u00F6ping-Huskvarna
46;370;Schweden;V\u00E4rnamo
46;371;Schweden;Gislaved-Anderstorp
46;372;Schweden;Ljungby
46;380;Schweden;N\u00E4ssj\u00F6
46;381;Schweden;Eksj\u00F6
46;382;Schweden;S\u00E4vsj\u00F6
46;383;Schweden;Vetlanda
46;390;Schweden;Gr\u00E4nna
46;392;Schweden;Mullsj\u00F6
46;393;Schweden;Vaggeryd
46;40;Schweden;Malm\u00F6
46;410;Schweden;Trelleborg
46;411;Schweden;Ystad
46;413;Schweden;Esl\u00F6v-H\u00F6\u00F6r
46;414;Schweden;Simrishamn
46;415;Schweden;H\u00F6rby
46;416;Schweden;Sj\u00F6bo
46;417;Schweden;Tomelilla
46;418;Schweden;Landskrona-Sval\u00F6v
46;42;Schweden;Helsingborg-H\u00F6gan\u00E4s
46;430;Schweden;Laholm
46;431;Schweden;\u00C4ngelholm-B\u00E5stad
46;433;Schweden;Markaryd-Str\u00F6mn\u00E4sbruk
46;435;Schweden;Klippan-Perstorp
46;44;Schweden;Kristianstad
46;451;Schweden;H\u00E4ssleholm
46;454;Schweden;Karlshamn-Olofstr\u00F6m
46;455;Schweden;Karlskrona
46;456;Schweden;S\u00F6lvesborg-Brom\u00F6lla
46;457;Schweden;Ronneby
46;459;Schweden;Ryd
46;46;Schweden;Lund
46;470;Schweden;V\u00E4xj\u00F6
46;471;Schweden;Emmaboda
46;472;Schweden;Alvesta-Rydaholm
46;474;Schweden;\u00C5seda-Lenhovda
46;476;Schweden;\u00C4lmhult
46;477;Schweden;Tingsryd
46;478;Schweden;Lessebo
46;479;Schweden;Osby
46;480;Schweden;Kalmar
46;481;Schweden;Nybro
46;485;Schweden;\u00D6land
46;486;Schweden;Tors\u00E5s
46;490;Schweden;V\u00E4stervik
46;491;Schweden;Oskarshamn-H\u00F6gsby
46;492;Schweden;Vimmerby
46;493;Schweden;Gamleby
46;494;Schweden;Kisa
46;495;Schweden;Hultsfred-Virserum
46;496;Schweden;Mariannelund
46;498;Schweden;Gotland
46;499;Schweden;M\u00F6nster\u00E5s
46;500;Schweden;Sk\u00F6vde
46;501;Schweden;Mariestad
46;502;Schweden;Tidaholm
46;503;Schweden;Hjo
46;504;Schweden;Tibro
46;505;Schweden;Karlsborg
46;506;Schweden;T\u00F6reboda-Hova
46;510;Schweden;Lidk\u00F6ping
46;511;Schweden;Skara-G\u00F6tene
46;512;Schweden;Vara-Nossebro
46;513;Schweden;Herrljunga
46;514;Schweden;Gr\u00E4storp
46;515;Schweden;Falk\u00F6ping
46;520;Schweden;Trollh\u00E4ttan
46;521;Schweden;V\u00E4nersborg
46;522;Schweden;Uddevalla
46;523;Schweden;Lysekil
46;524;Schweden;Munkedal
46;525;Schweden;Grebbestad
46;526;Schweden;Str\u00F6mstad
46;528;Schweden;F\u00E4rgelanda
46;530;Schweden;Mellerud
46;531;Schweden;Bengtsfors
46;532;Schweden;\u00C5m\u00E5l
46;533;Schweden;S\u00E4ffle
46;534;Schweden;Ed
46;54;Schweden;Karlstad
46;550;Schweden;Kristinehamn
46;551;Schweden;Gullsp\u00E5ng
46;552;Schweden;Dejev
46;553;Schweden;Molkom
46;554;Schweden;Kil
46;555;Schweden;Grums
46;560;Schweden;Torsby
46;563;Schweden;Hagfors-Munkfors
46;564;Schweden;Syssleb\u00E4ck
46;565;Schweden;Sunne
46;570;Schweden;Arvika
46;571;Schweden;Charlottenberg-\u00C5motfors
46;573;Schweden;\u00C5rj\u00E4ng
46;580;Schweden;Kopparberg
46;581;Schweden;Lindesberg
46;582;Schweden;Hallsberg
46;583;Schweden;Askersund
46;584;Schweden;Lax\u00E5
46;585;Schweden;Fjugesta-Svart\u00E5
46;586;Schweden;Karlskoga-Degerfors
46;587;Schweden;Nora
46;589;Schweden;Arboga
46;590;Schweden;Filipstad
46;591;Schweden;H\u00E4llefors-Grythyttan
46;60;Schweden;Sundsvall-Timr\u00E5
46;611;Schweden;H\u00E4rn\u00F6sand
46;612;Schweden;Kramfors
46;613;Schweden;Ull\u00E5nger
46;620;Schweden;Sollefte\u00E5
46;621;Schweden;Junsele
46;622;Schweden;N\u00E4s\u00E5ker
46;623;Schweden;Ramsele
46;624;Schweden;Backe
46;63;Schweden;\u00D6stersund
46;640;Schweden;Krokom
46;642;Schweden;Lit
46;643;Schweden;Hallen-Oviken
46;644;Schweden;Hammerdal
46;645;Schweden;F\u00F6llinge
46;647;Schweden;\u00C5re-J\u00E4rpen
46;650;Schweden;Hudiksvall
46;651;Schweden;Ljusdal
46;652;Schweden;Bergsj\u00F6
46;653;Schweden;Delsbo
46;657;Schweden;Los
46;660;Schweden;\u00D6rnsk\u00F6ldsvik
46;661;Schweden;Bredbyn
46;662;Schweden;Bj\u00F6rna
46;663;Schweden;Husum
46;670;Schweden;Str\u00F6msund
46;671;Schweden;Hoting
46;672;Schweden;G\u00E4ddede
46;680;Schweden;Sveg
46;682;Schweden;R\u00E4tan
46;684;Schweden;Hede-Fun\u00E4sdalen
46;687;Schweden;Svenstavik
46;690;Schweden;\u00C5nge
46;691;Schweden;Torpshammar
46;692;Schweden;Liden
46;693;Schweden;Br\u00E4cke-G\u00E4ll\u00F6
46;695;Schweden;Stugun
46;696;Schweden;Hammarstrand
46;8;Schweden;Stockholm
46;90;Schweden;Ume\u00E5
46;910;Schweden;Skellefte\u00E5
46;911;Schweden;Pite\u00E5
46;912;Schweden;Byske
46;913;Schweden;L\u00F6v\u00E5nger
46;914;Schweden;Burtr\u00E4sk
46;915;Schweden;Bastutr\u00E4sk
46;916;Schweden;J\u00F6rn
46;918;Schweden;Norsj\u00F6
46;920;Schweden;Lule\u00E5
46;921;Schweden;Boden
46;922;Schweden;Haparanda
46;923;Schweden;Kalix
46;924;Schweden;R\u00E5ne\u00E5
46;925;Schweden;Lakatr\u00E4sk
46;926;Schweden;\u00D6verkalix
46;927;Schweden;\u00D6vert\u00E5rne\u00E5
46;928;Schweden;Harads
46;929;Schweden;\u00C4lvsbyn
46;930;Schweden;Nordmaling
46;932;Schweden;Bjurholm
46;933;Schweden;Vindeln
46;934;Schweden;Robertfors
46;935;Schweden;V\u00E4nn\u00E4s
46;940;Schweden;Vilhelmina
46;941;Schweden;\u00C5sele
46;942;Schweden;Dorotea
46;943;Schweden;Fredrika
46;950;Schweden;Lycksele
46;951;Schweden;Storuman
46;952;Schweden;Sorsele
46;953;Schweden;Mal\u00E5
46;954;Schweden;T\u00E4rnaby
46;960;Schweden;Arvidsjaur
46;961;Schweden;Arjeplog
46;970;Schweden;G\u00E4llivare
46;71;Schweden;Jokkmokk
46;973;Schweden;Porjus
46;975;Schweden;Hakkas
46;976;Schweden;Vuollerim
46;977;Schweden;Korpilombolo
46;978;Schweden;Pajala
46;980;Schweden;Kiruna
46;981;Schweden;Vittangi